Workbook

Sheet README
A1: Healthcare Inventory Policy Simulator - Synthetic Dataset
A3: Purpose | B3: Compares two replenishment policies (Policy 1 = Baseline, Policy 2 = Optimized) on a set of synthetic items, so the effect of lead time, safety stock and stock-coverage flexibility can be simulated.
A4: IMPORTANT | B4: All items, consumption figures and unit costs are SYNTHETIC (randomly generated). No real hospital or authority data is used anywhere in this workbook.
A5: Legend | B5: Blue font = input you can change. Black font = formula. Green font = formula pulling a value from another sheet. Change inputs only in the blue cells (Parameters, Items, Gap_Timeline).
A6: Sheets | B6: Parameters: policy settings | Items: synthetic item list (inputs) | Policy_Results: one row per item per policy (all formulas, ready for Power BI) | Summary: totals and comparison | Gap_Timeline: time gap between dispensing and delivery.
A7: Method | B7: Safety stock = consumption x safety months. Reorder point (ROP) = safety months + lead time months. Max level = consumption x max coverage months. Order quantity = Max level - stock at time of order (which equals the ROP), as in the worked example of the original proposal. Peak stock = Max level - consumption during lead time. Trough = safety stock. Average inventory = (peak + trough) / 2. Orders per year = 12 x consumption / order quantity.
A8: Policy 1 | B8: Lead time 2 months, safety stock 2 months, ROP 4 months, max coverage 6 months (the original range was 5-6; 6 is used here).
A9: Policy 2 | B9: Lead time 1 month, safety stock 1 month, ROP 2 months, max coverage flexible between 3 and 6 months per item (set in Items, column F).
A10: Assumptions | B10: Holding cost rate (20% of inventory value per year), months per year (12) and days per month (30) are assumptions placed in blue cells and can be changed. Unit costs are in EGP and are synthetic. Phase durations in Gap_Timeline come from the original proposal (approval cycle 40 -> 15 days; request-to-delivery about 60 -> 30 days); the 20-day and 15-day supplier phases are derived by subtraction.
A11: Key reading | B11: For an item whose max coverage drops from 6 to 3 months, average inventory halves. Lowering coverage also shortens the order cycle, so orders per year rise for those items. The overall result depends on the item mix chosen in Items, column F.

Sheet Parameters
A1: Policy Parameters
A3: Parameter | B3: Policy 1 (Baseline) | C3: Policy 2 (Optimized) | D3: Note
A4: Lead time (months) | B4: 2 | C4: 1 | D4: Request to actual delivery. From the original proposal (about 60 -> 30 days).
A5: Safety stock (months) | B5: 2 | C5: 1 | D5: Safety stock halves when lead time halves (safety >= lead time rule in the proposal).
A6: Reorder point (months) | B6: =B4+B5 -> 4 | C6: =C4+C5 -> 2 | D6: Formula: safety stock + lead time.
A7: Max coverage (months) | B7: 6 | C7: Per item (3 to 6) | D7: Policy 1 original range 5-6, 6 used. Policy 2 is set per item in Items, column F.
A8: Holding cost rate (% of inventory value per year) | B8: 0.2 | D8: ASSUMPTION (synthetic). Applies to both policies.
A9: Months per year | B9: 12 | D9: Calendar constant used in orders-per-year formula.

Sheet Items
A1: ItemID | B1: Item | C1: Category | D1: Avg monthly consumption (units) | E1: Unit cost (EGP, synthetic) | F1: Policy 2 max coverage (months, 3-6)
A2: IT01 | B2: Chronic Care Item 01 | C2: Chronic Care | D2: 840 | E2: 18 | F2: 3
A3: IT02 | B3: Chronic Care Item 02 | C3: Chronic Care | D3: 480 | E3: 38 | F3: 3
A4: IT03 | B4: Chronic Care Item 03 | C4: Chronic Care | D4: 940 | E4: 86 | F4: 3
A5: IT04 | B5: Chronic Care Item 04 | C5: Chronic Care | D5: 1090 | E5: 24 | F5: 3
A6: IT05 | B6: Chronic Care Item 05 | C6: Chronic Care | D6: 620 | E6: 18 | F6: 3
A7: IT06 | B7: Antibiotics Item 01 | C7: Antibiotics | D7: 310 | E7: 86 | F7: 4
A8: IT07 | B8: Antibiotics Item 02 | C8: Antibiotics | D8: 170 | E8: 46 | F8: 4
A9: IT08 | B9: Antibiotics Item 03 | C9: Antibiotics | D9: 640 | E9: 91 | F9: 4
A10: IT09 | B10: Antibiotics Item 04 | C10: Antibiotics | D10: 320 | E10: 97 | F10: 4
A11: IT10 | B11: Antibiotics Item 05 | C11: Antibiotics | D11: 760 | E11: 21 | F11: 4
A12: IT11 | B12: Emergency Item 01 | C12: Emergency | D12: 250 | E12: 66 | F12: 6
A13: IT12 | B13: Emergency Item 02 | C13: Emergency | D13: 130 | E13: 22 | F13: 6
... A26: IT25 | B26: General Consumables Item 03 | C26: General Consumables | D26: 2090 | E26: 6.1 | F26: 4

Sheet Policy_Results
A1: ItemID | B1: Policy | C1: Item | D1: Category | E1: Avg monthly consumption (units) | F1: Unit cost (EGP) | G1: Lead time (months) | H1: Safety stock (months) | I1: Reorder point (months) | J1: Max coverage (months) | K1: Safety stock (units) | L1: Reorder point (units) | M1: Max level (units) | N1: Order quantity (units) | O1: Peak stock (units) | P1: Trough stock (units) | Q1: Avg inventory (units) | R1: Orders per year | S1: Avg inventory value (EGP) | T1: Annual holding cost (EGP) | U1: Policy 2 target coverage of item (months)
A2: IT01 | B2: P1 Baseline | C2: =INDEX(Items!$B$2:$B$26,MATCH($A2,Items!$A$2:$A$26,0)) -> Chronic Care Item 01 | D2: =INDEX(Items!$C$2:$C$26,MATCH($A2,Items!$A$2:$A$26,0)) -> Chronic Care | E2: =INDEX(Items!$D$2:$D$26,MATCH($A2,Items!$A$2:$A$26,0)) -> 840 | F2: =INDEX(Items!$E$2:$E$26,MATCH($A2,Items!$A$2:$A$26,0)) -> 18 | G2: =IF($B2="P1 Baseline",Parameters!$B$4,Parameters!$C$4) -> 2 | H2: =IF($B2="P1 Baseline",Parameters!$B$5,Parameters!$C$5) -> 2 | I2: =G2+H2 -> 4 | J2: =IF($B2="P1 Baseline",Parameters!$B$7,U2) -> 6 | K2: =E2*H2 -> 1680 | L2: =E2*I2 -> 3360 | M2: =E2*J2 -> 5040 | N2: =E2*MAX(J2-I2,0) -> 1680 | O2: =M2-E2*G2 -> 3360 | P2: =K2 -> 1680 | Q2: =(O2+P2)/2 -> 2520 | R2: =IF(N2>0,Parameters!$B$9*E2/N2,0) -> 6 | S2: =Q2*F2 -> 45360 | T2: =S2*Parameters!$B$8 -> 9072 | U2: =INDEX(Items!$F$2:$F$26,MATCH($A2,Items!$A$2:$A$26,0)) -> 3
A3: IT02 | B3: P1 Baseline | C3: =INDEX(Items!$B$2:$B$26,MATCH($A3,Items!$A$2:$A$26,0)) -> Chronic Care Item 02 | D3: =INDEX(Items!$C$2:$C$26,MATCH($A3,Items!$A$2:$A$26,0)) -> Chronic Care | E3: =INDEX(Items!$D$2:$D$26,MATCH($A3,Items!$A$2:$A$26,0)) -> 480 | F3: =INDEX(Items!$E$2:$E$26,MATCH($A3,Items!$A$2:$A$26,0)) -> 38 | G3: =IF($B3="P1 Baseline",Parameters!$B$4,Parameters!$C$4) -> 2 | H3: =IF($B3="P1 Baseline",Parameters!$B$5,Parameters!$C$5) -> 2 | I3: =G3+H3 -> 4 | J3: =IF($B3="P1 Baseline",Parameters!$B$7,U3) -> 6 | K3: =E3*H3 -> 960 | L3: =E3*I3 -> 1920 | M3: =E3*J3 -> 2880 | N3: =E3*MAX(J3-I3,0) -> 960 | O3: =M3-E3*G3 -> 1920 | P3: =K3 -> 960 | Q3: =(O3+P3)/2 -> 1440 | R3: =IF(N3>0,Parameters!$B$9*E3/N3,0) -> 6 | S3: =Q3*F3 -> 54720 | T3: =S3*Parameters!$B$8 -> 10944 | U3: =INDEX(Items!$F$2:$F$26,MATCH($A3,Items!$A$2:$A$26,0)) -> 3
A4: IT03 | B4: P1 Baseline | C4: =INDEX(Items!$B$2:$B$26,MATCH($A4,Items!$A$2:$A$26,0)) -> Chronic Care Item 03 | D4: =INDEX(Items!$C$2:$C$26,MATCH($A4,Items!$A$2:$A$26,0)) -> Chronic Care | E4: =INDEX(Items!$D$2:$D$26,MATCH($A4,Items!$A$2:$A$26,0)) -> 940 | F4: =INDEX(Items!$E$2:$E$26,MATCH($A4,Items!$A$2:$A$26,0)) -> 86 | G4: =IF($B4="P1 Baseline",Parameters!$B$4,Parameters!$C$4) -> 2 | H4: =IF($B4="P1 Baseline",Parameters!$B$5,Parameters!$C$5) -> 2 | I4: =G4+H4 -> 4 | J4: =IF($B4="P1 Baseline",Parameters!$B$7,U4) -> 6 | K4: =E4*H4 -> 1880 | L4: =E4*I4 -> 3760 | M4: =E4*J4 -> 5640 | N4: =E4*MAX(J4-I4,0) -> 1880 | O4: =M4-E4*G4 -> 3760 | P4: =K4 -> 1880 | Q4: =(O4+P4)/2 -> 2820 | R4: =IF(N4>0,Parameters!$B$9*E4/N4,0) -> 6 | S4: =Q4*F4 -> 242520 | T4: =S4*Parameters!$B$8 -> 48504 | U4: =INDEX(Items!$F$2:$F$26,MATCH($A4,Items!$A$2:$A$26,0)) -> 3
A5: IT04 | B5: P1 Baseline | C5: =INDEX(Items!$B$2:$B$26,MATCH($A5,Items!$A$2:$A$26,0)) -> Chronic Care Item 04 | D5: =INDEX(Items!$C$2:$C$26,MATCH($A5,Items!$A$2:$A$26,0)) -> Chronic Care | E5: =INDEX(Items!$D$2:$D$26,MATCH($A5,Items!$A$2:$A$26,0)) -> 1090 | F5: =INDEX(Items!$E$2:$E$26,MATCH($A5,Items!$A$2:$A$26,0)) -> 24 | G5: =IF($B5="P1 Baseline",Parameters!$B$4,Parameters!$C$4) -> 2 | H5: =IF($B5="P1 Baseline",Parameters!$B$5,Parameters!$C$5) -> 2 | I5: =G5+H5 -> 4 | J5: =IF($B5="P1 Baseline",Parameters!$B$7,U5) -> 6 | K5: =E5*H5 -> 2180 | L5: =E5*I5 -> 4360 | M5: =E5*J5 -> 6540 | N5: =E5*MAX(J5-I5,0) -> 2180 | O5: =M5-E5*G5 -> 4360 | P5: =K5 -> 2180 | Q5: =(O5+P5)/2 -> 3270 | R5: =IF(N5>0,Parameters!$B$9*E5/N5,0) -> 6 | S5: =Q5*F5 -> 78480 | T5: =S5*Parameters!$B$8 -> 15696 | U5: =INDEX(Items!$F$2:$F$26,MATCH($A5,Items!$A$2:$A$26,0)) -> 3
A6: IT05 | B6: P1 Baseline | C6: =INDEX(Items!$B$2:$B$26,MATCH($A6,Items!$A$2:$A$26,0)) -> Chronic Care Item 05 | D6: =INDEX(Items!$C$2:$C$26,MATCH($A6,Items!$A$2:$A$26,0)) -> Chronic Care | E6: =INDEX(Items!$D$2:$D$26,MATCH($A6,Items!$A$2:$A$26,0)) -> 620 | F6: =INDEX(Items!$E$2:$E$26,MATCH($A6,Items!$A$2:$A$26,0)) -> 18 | G6: =IF($B6="P1 Baseline",Parameters!$B$4,Parameters!$C$4) -> 2 | H6: =IF($B6="P1 Baseline",Parameters!$B$5,Parameters!$C$5) -> 2 | I6: =G6+H6 -> 4 | J6: =IF($B6="P1 Baseline",Parameters!$B$7,U6) -> 6 | K6: =E6*H6 -> 1240 | L6: =E6*I6 -> 2480 | M6: =E6*J6 -> 3720 | N6: =E6*MAX(J6-I6,0) -> 1240 | O6: =M6-E6*G6 -> 2480 | P6: =K6 -> 1240 | Q6: =(O6+P6)/2 -> 1860 | R6: =IF(N6>0,Parameters!$B$9*E6/N6,0) -> 6 | S6: =Q6*F6 -> 33480 | T6: =S6*Parameters!$B$8 -> 6696 | U6: =INDEX(Items!$F$2:$F$26,MATCH($A6,Items!$A$2:$A$26,0)) -> 3
A7: IT06 | B7: P1 Baseline | C7: =INDEX(Items!$B$2:$B$26,MATCH($A7,Items!$A$2:$A$26,0)) -> Antibiotics Item 01 | D7: =INDEX(Items!$C$2:$C$26,MATCH($A7,Items!$A$2:$A$26,0)) -> Antibiotics | E7: =INDEX(Items!$D$2:$D$26,MATCH($A7,Items!$A$2:$A$26,0)) -> 310 | F7: =INDEX(Items!$E$2:$E$26,MATCH($A7,Items!$A$2:$A$26,0)) -> 86 | G7: =IF($B7="P1 Baseline",Parameters!$B$4,Parameters!$C$4) -> 2 | H7: =IF($B7="P1 Baseline",Parameters!$B$5,Parameters!$C$5) -> 2 | I7: =G7+H7 -> 4 | J7: =IF($B7="P1 Baseline",Parameters!$B$7,U7) -> 6 | K7: =E7*H7 -> 620 | L7: =E7*I7 -> 1240 | M7: =E7*J7 -> 1860 | N7: =E7*MAX(J7-I7,0) -> 620 | O7: =M7-E7*G7 -> 1240 | P7: =K7 -> 620 | Q7: =(O7+P7)/2 -> 930 | R7: =IF(N7>0,Parameters!$B$9*E7/N7,0) -> 6 | S7: =Q7*F7 -> 79980 | T7: =S7*Parameters!$B$8 -> 15996 | U7: =INDEX(Items!$F$2:$F$26,MATCH($A7,Items!$A$2:$A$26,0)) -> 4
A8: IT07 | B8: P1 Baseline | C8: =INDEX(Items!$B$2:$B$26,MATCH($A8,Items!$A$2:$A$26,0)) -> Antibiotics Item 02 | D8: =INDEX(Items!$C$2:$C$26,MATCH($A8,Items!$A$2:$A$26,0)) -> Antibiotics | E8: =INDEX(Items!$D$2:$D$26,MATCH($A8,Items!$A$2:$A$26,0)) -> 170 | F8: =INDEX(Items!$E$2:$E$26,MATCH($A8,Items!$A$2:$A$26,0)) -> 46 | G8: =IF($B8="P1 Baseline",Parameters!$B$4,Parameters!$C$4) -> 2 | H8: =IF($B8="P1 Baseline",Parameters!$B$5,Parameters!$C$5) -> 2 | I8: =G8+H8 -> 4 | J8: =IF($B8="P1 Baseline",Parameters!$B$7,U8) -> 6 | K8: =E8*H8 -> 340 | L8: =E8*I8 -> 680 | M8: =E8*J8 -> 1020 | N8: =E8*MAX(J8-I8,0) -> 340 | O8: =M8-E8*G8 -> 680 | P8: =K8 -> 340 | Q8: =(O8+P8)/2 -> 510 | R8: =IF(N8>0,Parameters!$B$9*E8/N8,0) -> 6 | S8: =Q8*F8 -> 23460 | T8: =S8*Parameters!$B$8 -> 4692 | U8: =INDEX(Items!$F$2:$F$26,MATCH($A8,Items!$A$2:$A$26,0)) -> 4
A9: IT08 | B9: P1 Baseline | C9: =INDEX(Items!$B$2:$B$26,MATCH($A9,Items!$A$2:$A$26,0)) -> Antibiotics Item 03 | D9: =INDEX(Items!$C$2:$C$26,MATCH($A9,Items!$A$2:$A$26,0)) -> Antibiotics | E9: =INDEX(Items!$D$2:$D$26,MATCH($A9,Items!$A$2:$A$26,0)) -> 640 | F9: =INDEX(Items!$E$2:$E$26,MATCH($A9,Items!$A$2:$A$26,0)) -> 91 | G9: =IF($B9="P1 Baseline",Parameters!$B$4,Parameters!$C$4) -> 2 | H9: =IF($B9="P1 Baseline",Parameters!$B$5,Parameters!$C$5) -> 2 | I9: =G9+H9 -> 4 | J9: =IF($B9="P1 Baseline",Parameters!$B$7,U9) -> 6 | K9: =E9*H9 -> 1280 | L9: =E9*I9 -> 2560 | M9: =E9*J9 -> 3840 | N9: =E9*MAX(J9-I9,0) -> 1280 | O9: =M9-E9*G9 -> 2560 | P9: =K9 -> 1280 | Q9: =(O9+P9)/2 -> 1920 | R9: =IF(N9>0,Parameters!$B$9*E9/N9,0) -> 6 | S9: =Q9*F9 -> 174720 | T9: =S9*Parameters!$B$8 -> 34944 | U9: =INDEX(Items!$F$2:$F$26,MATCH($A9,Items!$A$2:$A$26,0)) -> 4
A10: IT09 | B10: P1 Baseline | C10: =INDEX(Items!$B$2:$B$26,MATCH($A10,Items!$A$2:$A$26,0)) -> Antibiotics Item 04 | D10: =INDEX(Items!$C$2:$C$26,MATCH($A10,Items!$A$2:$A$26,0)) -> Antibiotics | E10: =INDEX(Items!$D$2:$D$26,MATCH($A10,Items!$A$2:$A$26,0)) -> 320 | F10: =INDEX(Items!$E$2:$E$26,MATCH($A10,Items!$A$2:$A$26,0)) -> 97 | G10: =IF($B10="P1 Baseline",Parameters!$B$4,Parameters!$C$4) -> 2 | H10: =IF($B10="P1 Baseline",Parameters!$B$5,Parameters!$C$5) -> 2 | I10: =G10+H10 -> 4 | J10: =IF($B10="P1 Baseline",Parameters!$B$7,U10) -> 6 | K10: =E10*H10 -> 640 | L10: =E10*I10 -> 1280 | M10: =E10*J10 -> 1920 | N10: =E10*MAX(J10-I10,0) -> 640 | O10: =M10-E10*G10 -> 1280 | P10: =K10 -> 640 | Q10: =(O10+P10)/2 -> 960 | R10: =IF(N10>0,Parameters!$B$9*E10/N10,0) -> 6 | S10: =Q10*F10 -> 93120 | T10: =S10*Parameters!$B$8 -> 18624 | U10: =INDEX(Items!$F$2:$F$26,MATCH($A10,Items!$A$2:$A$26,0)) -> 4
A11: IT10 | B11: P1 Baseline | C11: =INDEX(Items!$B$2:$B$26,MATCH($A11,Items!$A$2:$A$26,0)) -> Antibiotics Item 05 | D11: =INDEX(Items!$C$2:$C$26,MATCH($A11,Items!$A$2:$A$26,0)) -> Antibiotics | E11: =INDEX(Items!$D$2:$D$26,MATCH($A11,Items!$A$2:$A$26,0)) -> 760 | F11: =INDEX(Items!$E$2:$E$26,MATCH($A11,Items!$A$2:$A$26,0)) -> 21 | G11: =IF($B11="P1 Baseline",Parameters!$B$4,Parameters!$C$4) -> 2 | H11: =IF($B11="P1 Baseline",Parameters!$B$5,Parameters!$C$5) -> 2 | I11: =G11+H11 -> 4 | J11: =IF($B11="P1 Baseline",Parameters!$B$7,U11) -> 6 | K11: =E11*H11 -> 1520 | L11: =E11*I11 -> 3040 | M11: =E11*J11 -> 4560 | N11: =E11*MAX(J11-I11,0) -> 1520 | O11: =M11-E11*G11 -> 3040 | P11: =K11 -> 1520 | Q11: =(O11+P11)/2 -> 2280 | R11: =IF(N11>0,Parameters!$B$9*E11/N11,0) -> 6 | S11: =Q11*F11 -> 47880 | T11: =S11*Parameters!$B$8 -> 9576 | U11: =INDEX(Items!$F$2:$F$26,MATCH($A11,Items!$A$2:$A$26,0)) -> 4
A12: IT11 | B12: P1 Baseline | C12: =INDEX(Items!$B$2:$B$26,MATCH($A12,Items!$A$2:$A$26,0)) -> Emergency Item 01 | D12: =INDEX(Items!$C$2:$C$26,MATCH($A12,Items!$A$2:$A$26,0)) -> Emergency | E12: =INDEX(Items!$D$2:$D$26,MATCH($A12,Items!$A$2:$A$26,0)) -> 250 | F12: =INDEX(Items!$E$2:$E$26,MATCH($A12,Items!$A$2:$A$26,0)) -> 66 | G12: =IF($B12="P1 Baseline",Parameters!$B$4,Parameters!$C$4) -> 2 | H12: =IF($B12="P1 Baseline",Parameters!$B$5,Parameters!$C$5) -> 2 | I12: =G12+H12 -> 4 | J12: =IF($B12="P1 Baseline",Parameters!$B$7,U12) -> 6 | K12: =E12*H12 -> 500 | L12: =E12*I12 -> 1000 | M12: =E12*J12 -> 1500 | N12: =E12*MAX(J12-I12,0) -> 500 | O12: =M12-E12*G12 -> 1000 | P12: =K12 -> 500 | Q12: =(O12+P12)/2 -> 750 | R12: =IF(N12>0,Parameters!$B$9*E12/N12,0) -> 6 | S12: =Q12*F12 -> 49500 | T12: =S12*Parameters!$B$8 -> 9900 | U12: =INDEX(Items!$F$2:$F$26,MATCH($A12,Items!$A$2:$A$26,0)) -> 6
A13: IT12 | B13: P1 Baseline | C13: =INDEX(Items!$B$2:$B$26,MATCH($A13,Items!$A$2:$A$26,0)) -> Emergency Item 02 | D13: =INDEX(Items!$C$2:$C$26,MATCH($A13,Items!$A$2:$A$26,0)) -> Emergency | E13: =INDEX(Items!$D$2:$D$26,MATCH($A13,Items!$A$2:$A$26,0)) -> 130 | F13: =INDEX(Items!$E$2:$E$26,MATCH($A13,Items!$A$2:$A$26,0)) -> 22 | G13: =IF($B13="P1 Baseline",Parameters!$B$4,Parameters!$C$4) -> 2 | H13: =IF($B13="P1 Baseline",Parameters!$B$5,Parameters!$C$5) -> 2 | I13: =G13+H13 -> 4 | J13: =IF($B13="P1 Baseline",Parameters!$B$7,U13) -> 6 | K13: =E13*H13 -> 260 | L13: =E13*I13 -> 520 | M13: =E13*J13 -> 780 | N13: =E13*MAX(J13-I13,0) -> 260 | O13: =M13-E13*G13 -> 520 | P13: =K13 -> 260 | Q13: =(O13+P13)/2 -> 390 | R13: =IF(N13>0,Parameters!$B$9*E13/N13,0) -> 6 | S13: =Q13*F13 -> 8580 | T13: =S13*Parameters!$B$8 -> 1716 | U13: =INDEX(Items!$F$2:$F$26,MATCH($A13,Items!$A$2:$A$26,0)) -> 6
... A51: IT25 | B51: P2 Optimized | C51: =INDEX(Items!$B$2:$B$26,MATCH($A51,Items!$A$2:$A$26,0)) -> General Consumables Item 03 | D51: =INDEX(Items!$C$2:$C$26,MATCH($A51,Items!$A$2:$A$26,0)) -> General Consumables | E51: =INDEX(Items!$D$2:$D$26,MATCH($A51,Items!$A$2:$A$26,0)) -> 2090 | F51: =INDEX(Items!$E$2:$E$26,MATCH($A51,Items!$A$2:$A$26,0)) -> 6.1 | G51: =IF($B51="P1 Baseline",Parameters!$B$4,Parameters!$C$4) -> 1 | H51: =IF($B51="P1 Baseline",Parameters!$B$5,Parameters!$C$5) -> 1 | I51: =G51+H51 -> 2 | J51: =IF($B51="P1 Baseline",Parameters!$B$7,U51) -> 4 | K51: =E51*H51 -> 2090 | L51: =E51*I51 -> 4180 | M51: =E51*J51 -> 8360 | N51: =E51*MAX(J51-I51,0) -> 4180 | O51: =M51-E51*G51 -> 6270 | P51: =K51 -> 2090 | Q51: =(O51+P51)/2 -> 4180 | R51: =IF(N51>0,Parameters!$B$9*E51/N51,0) -> 6 | S51: =Q51*F51 -> 25498 | T51: =S51*Parameters!$B$8 -> 5099.6 | U51: =INDEX(Items!$F$2:$F$26,MATCH($A51,Items!$A$2:$A$26,0)) -> 4

Sheet Summary
A1: Summary: Policy 1 (Baseline) vs Policy 2 (Optimized)
A3: All items | B3: P1 Baseline | C3: P2 Optimized | D3: Change
A4: Avg inventory (units) | B4: =SUMIFS(Policy_Results!$Q$2:$Q$51,Policy_Results!$B$2:$B$51,"P1 Baseline") -> 48630 | C4: =SUMIFS(Policy_Results!$Q$2:$Q$51,Policy_Results!$B$2:$B$51,"P2 Optimized") -> 28280 | D4: =IF(B4=0,0,C4/B4-1) -> -0.41846597
A5: Avg inventory value (EGP) | B5: =SUMIFS(Policy_Results!$S$2:$S$51,Policy_Results!$B$2:$B$51,"P1 Baseline") -> 2814753 | C5: =SUMIFS(Policy_Results!$S$2:$S$51,Policy_Results!$B$2:$B$51,"P2 Optimized") -> 1533708.5 | D5: =IF(B5=0,0,C5/B5-1) -> -0.45511791
A6: Annual holding cost (EGP) | B6: =SUMIFS(Policy_Results!$T$2:$T$51,Policy_Results!$B$2:$B$51,"P1 Baseline") -> 562950.6 | C6: =SUMIFS(Policy_Results!$T$2:$T$51,Policy_Results!$B$2:$B$51,"P2 Optimized") -> 306741.7 | D6: =IF(B6=0,0,C6/B6-1) -> -0.45511791
A7: Safety stock (units) | B7: =SUMIFS(Policy_Results!$K$2:$K$51,Policy_Results!$B$2:$B$51,"P1 Baseline") -> 32420 | C7: =SUMIFS(Policy_Results!$K$2:$K$51,Policy_Results!$B$2:$B$51,"P2 Optimized") -> 16210 | D7: =IF(B7=0,0,C7/B7-1) -> -0.5
A8: Avg orders per item per year | B8: =AVERAGEIFS(Policy_Results!$R$2:$R$51,Policy_Results!$B$2:$B$51,"P1 Baseline") -> 6 | C8: =AVERAGEIFS(Policy_Results!$R$2:$R$51,Policy_Results!$B$2:$B$51,"P2 Optimized") -> 8.64 | D8: =IF(B8=0,0,C8/B8-1) -> 0.44
A11: Items moved to 3-month max coverage only | B11: P1 Baseline | C11: P2 Optimized | D11: Change
A12: Number of items | B12: =COUNTIFS(Policy_Results!$B$2:$B$51,"P1 Baseline",Policy_Results!$U$2:$U$51,3) -> 13 | C12: =COUNTIFS(Policy_Results!$B$2:$B$51,"P2 Optimized",Policy_Results!$U$2:$U$51,3) -> 13
A13: Avg inventory (units) | B13: =SUMIFS(Policy_Results!$Q$2:$Q$51,Policy_Results!$B$2:$B$51,"P1 Baseline",Policy_Results!$U$2:$U$51,3) -> 29220 | C13: =SUMIFS(Policy_Results!$Q$2:$Q$51,Policy_Results!$B$2:$B$51,"P2 Optimized",Policy_Results!$U$2:$U$51,3) -> 14610 | D13: =IF(B13=0,0,C13/B13-1) -> -0.5
A14: Avg inventory value (EGP) | B14: =SUMIFS(Policy_Results!$S$2:$S$51,Policy_Results!$B$2:$B$51,"P1 Baseline",Policy_Results!$U$2:$U$51,3) -> 2243781 | C14: =SUMIFS(Policy_Results!$S$2:$S$51,Policy_Results!$B$2:$B$51,"P2 Optimized",Policy_Results!$U$2:$U$51,3) -> 1121890.5 | D14: =IF(B14=0,0,C14/B14-1) -> -0.5
A15: Annual holding cost (EGP) | B15: =SUMIFS(Policy_Results!$T$2:$T$51,Policy_Results!$B$2:$B$51,"P1 Baseline",Policy_Results!$U$2:$U$51,3) -> 448756.2 | C15: =SUMIFS(Policy_Results!$T$2:$T$51,Policy_Results!$B$2:$B$51,"P2 Optimized",Policy_Results!$U$2:$U$51,3) -> 224378.1 | D15: =IF(B15=0,0,C15/B15-1) -> -0.5
A16: Avg orders per item per year | B16: =AVERAGEIFS(Policy_Results!$R$2:$R$51,Policy_Results!$B$2:$B$51,"P1 Baseline",Policy_Results!$U$2:$U$51,3) -> 6 | C16: =AVERAGEIFS(Policy_Results!$R$2:$R$51,Policy_Results!$B$2:$B$51,"P2 Optimized",Policy_Results!$U$2:$U$51,3) -> 12 | D16: =IF(B16=0,0,C16/B16-1) -> 1
A19: By category: avg inventory value (EGP) | B19: P1 Baseline | C19: P2 Optimized | D19: Change
A20: Chronic Care | B20: =SUMIFS(Policy_Results!$S$2:$S$51,Policy_Results!$B$2:$B$51,"P1 Baseline",Policy_Results!$D$2:$D$51,$A20) -> 454560 | C20: =SUMIFS(Policy_Results!$S$2:$S$51,Policy_Results!$B$2:$B$51,"P2 Optimized",Policy_Results!$D$2:$D$51,$A20) -> 227280 | D20: =IF(B20=0,0,C20/B20-1) -> -0.5
A21: Antibiotics | B21: =SUMIFS(Policy_Results!$S$2:$S$51,Policy_Results!$B$2:$B$51,"P1 Baseline",Policy_Results!$D$2:$D$51,$A21) -> 419160 | C21: =SUMIFS(Policy_Results!$S$2:$S$51,Policy_Results!$B$2:$B$51,"P2 Optimized",Policy_Results!$D$2:$D$51,$A21) -> 279440 | D21: =IF(B21=0,0,C21/B21-1) -> -0.33333333
A22: Emergency | B22: =SUMIFS(Policy_Results!$S$2:$S$51,Policy_Results!$B$2:$B$51,"P1 Baseline",Policy_Results!$D$2:$D$51,$A22) -> 93510 | C22: =SUMIFS(Policy_Results!$S$2:$S$51,Policy_Results!$B$2:$B$51,"P2 Optimized",Policy_Results!$D$2:$D$51,$A22) -> 93510 | D22: =IF(B22=0,0,C22/B22-1) -> 0
A23: Specialty High-Cost | B23: =SUMIFS(Policy_Results!$S$2:$S$51,Policy_Results!$B$2:$B$51,"P1 Baseline",Policy_Results!$D$2:$D$51,$A23) -> 1488654 | C23: =SUMIFS(Policy_Results!$S$2:$S$51,Policy_Results!$B$2:$B$51,"P2 Optimized",Policy_Results!$D$2:$D$51,$A23) -> 744327 | D23: =IF(B23=0,0,C23/B23-1) -> -0.5
A24: Lab Consumables | B24: =SUMIFS(Policy_Results!$S$2:$S$51,Policy_Results!$B$2:$B$51,"P1 Baseline",Policy_Results!$D$2:$D$51,$A24) -> 300567 | C24: =SUMIFS(Policy_Results!$S$2:$S$51,Policy_Results!$B$2:$B$51,"P2 Optimized",Policy_Results!$D$2:$D$51,$A24) -> 150283.5 | D24: =IF(B24=0,0,C24/B24-1) -> -0.5
A25: General Consumables | B25: =SUMIFS(Policy_Results!$S$2:$S$51,Policy_Results!$B$2:$B$51,"P1 Baseline",Policy_Results!$D$2:$D$51,$A25) -> 58302 | C25: =SUMIFS(Policy_Results!$S$2:$S$51,Policy_Results!$B$2:$B$51,"P2 Optimized",Policy_Results!$D$2:$D$51,$A25) -> 38868 | D25: =IF(B25=0,0,C25/B25-1) -> -0.33333333

Sheet Gap_Timeline
A1: Time Gap: from actual dispensing to delivery (days)
A3: Phase | B3: P1 Baseline (days) | C3: P2 Optimized (days) | D3: Source / note
A4: 1. Information lag (demand form reflects older dispensing) | B4: 30 | C4: 0 | D4: Before: pharmacies replenish at the start of the following month, so the form reflects the previous month. After: replenishment before day 26, so the form reflects the same month.
A5: 2. Request submission to HQ approval | B5: 40 | C5: 15 | D5: Original proposal: 1 month 10 days -> 15 days.
A6: 3. Supplier order to delivery | B6: 20 | C6: 15 | D6: DERIVED: total request-to-delivery (about 60 -> 30 days) minus the approval phase.
A7: Request to delivery (phases 2 + 3) | B7: =B5+B6 -> 60 | C7: =C5+C6 -> 30
A8: Total gap: dispensing to delivery (phases 1 + 2 + 3) | B8: =B4+B5+B6 -> 90 | C8: =C4+C5+C6 -> 30 | D8: The proposal states about 3 months before and under 1 month after.
A9: Reduction in total gap | C9: =IF(B8=0,0,1-C8/B8) -> 0.66666667
A12: Response to a consumption increase (illustrative) | B12: P1 Baseline | C12: P2 Optimized | D12: Note
A13: Consumption surge (% above normal) | B13: 0.25 | D13: ASSUMPTION: change to test other surges. Applies to both policies.
A14: Days per month | B14: 30 | D14: Calendar constant.
A15: Days until a corrective order can arrive | B15: =B8 -> 90 | C15: =C8 -> 30
A16: Extra consumption before correction (months of normal consumption) | B16: =$B$13*B15/$B$14 -> 0.75 | C16: =$B$13*C15/$B$14 -> 0.25
A17: Share of safety stock consumed before correction | B17: =IF(Parameters!B5=0,0,B16/Parameters!B5) -> 0.375 | C17: =IF(Parameters!C5=0,0,C16/Parameters!C5) -> 0.25 | D17: Extra consumption divided by safety stock months.
